Player,PTS_avg,AST_avg,TRB_avg,STL_avg,BLK_avg
A.J. Green,4.4,0.6,1.3,0.2,0.0
A.J. Lawson,3.7,0.1,1.4,0.1,0.0
AJ Griffin,8.9,1.0,2.1,0.6,0.2
Aaron Gordon,14.566666666666668,2.9,6.066666666666666,0.7000000000000001,0.7000000000000001
Aaron Henry,0.3,0.0,0.2,0.0,0.3
Aaron Holiday,5.8,1.8999999999999997,1.4666666666666668,0.6666666666666666,0.16666666666666666
Aaron Nesmith,6.2,0.7333333333333334,2.766666666666667,0.5,0.26666666666666666
Aaron Wiggins,7.550000000000001,1.25,3.3,0.6,0.2
Abdel Nader,4.55,0.65,2.25,0.5,0.35
Adam Mokoka,1.1,0.4,0.4,0.1,0.1
Ade Murkey,0.0,0.0,0.0,0.0,0.0
Admiral Schofield,4.0,0.75,2.0,0.15000000000000002,0.1
Ahmad Caver,2.0,0.0,0.0,0.0,0.0
Al Horford,11.4,3.266666666666667,6.866666666666667,0.7000000000000001,1.0666666666666667
Al-Farouq Aminu,4.4,1.3,4.8,0.8,0.4
Alec Burks,12.4,2.466666666666667,4.2,0.7666666666666666,0.26666666666666666
Aleem Ford,2.8,0.4,3.0,0.2,0.0
Aleksej Pokusevski,7.966666666666666,2.066666666666667,4.866666666666667,0.5333333333333333,0.9333333333333335
Alen Smailagić,1.9,0.3,1.1,0.2,0.3
Alex Caruso,6.466666666666666,3.233333333333333,3.1333333333333333,1.4333333333333333,0.4666666666666666
Alex Len,4.766666666666667,0.8333333333333334,3.5,0.26666666666666666,0.6666666666666666
Alfonzo McKinnie,3.3,0.25,1.65,0.15000000000000002,0.1
Alize Johnson,2.9333333333333336,0.5,3.4,0.26666666666666666,0.09999999999999999
Alondes Williams,0.0,0.0,1.0,0.0,0.0
Alperen Şengün,12.2,3.25,7.25,0.8500000000000001,0.9
Amida Brimah,2.6,0.2,1.6,0.0,1.0
Amir Coffey,5.2,1.1333333333333335,1.6666666666666667,0.3,0.10000000000000002
Anderson Varejão,2.6,0.6,4.0,0.0,0.4
Andre Drummond,9.6,1.4333333333333333,9.299999999999999,1.0666666666666667,0.7999999999999999
Andre Iguodala,3.5,2.8000000000000003,2.9333333333333336,0.7666666666666666,0.5666666666666667
Andre Roberson,1.2,0.8,3.0,0.6,0.2
Andrew Nembhard,9.5,4.5,2.7,0.9,0.2
Andrew Wiggins,17.633333333333336,2.3000000000000003,4.8,1.0333333333333334,0.8333333333333334
Anfernee Simons,15.4,3.133333333333333,2.466666666666667,0.5,0.13333333333333333
Anthony Davis,23.633333333333336,2.9333333333333336,10.1,1.2,1.9666666666666668
Anthony Edwards,21.733333333333334,3.6999999999999997,5.1000000000000005,1.4000000000000001,0.6
Anthony Gill,3.5,0.5333333333333333,1.8666666666666665,0.19999999999999998,0.2333333333333333
Anthony Lamb,4.066666666666666,1.1666666666666667,2.3000000000000003,0.26666666666666666,0.16666666666666666
Anthony Tolliver,1.5,0.2,0.9,0.3,0.2
Anžejs Pasečņiks,0.0,1.0,1.0,0.0,0.0
Armoni Brooks,8.25,1.3,2.65,0.55,0.25
Arnoldas Kulboka,0.0,0.0,0.0,0.0,0.0
Aron Baynes,6.1,0.9,5.2,0.3,0.4
Ashton Hagans,0.0,0.0,0.0,0.0,0.0
Austin Reaves,10.15,2.6,3.1,0.5,0.3
Austin Rivers,6.266666666666667,1.6666666666666667,1.8666666666666665,0.7000000000000001,0.10000000000000002
Avery Bradley,6.4,1.25,2.1500000000000004,0.8500000000000001,0.1
Axel Toupane,1.8,0.5,0.8,0.3,0.4
Ayo Dosunmu,8.7,2.95,2.8,0.8,0.35
B.J. Johnson,6.5,0.0,3.8,0.0,0.3
Bam Adebayo,19.400000000000002,4.0,9.433333333333332,1.2666666666666666,0.8666666666666667
Ben McLemore,8.95,0.8,1.75,0.5,0.2
Ben Simmons,10.600000000000001,6.5,6.75,1.4500000000000002,0.6
Bennedict Mathurin,16.7,1.5,4.1,0.6,0.2
Bismack Biyombo,5.033333333333333,0.9,4.733333333333333,0.3,1.0666666666666667
Blake Griffin,7.166666666666667,2.1333333333333333,4.266666666666667,0.5,0.26666666666666666
Blake Wesley,5.0,2.7,2.2,0.7,0.1
Boban Marjanović,4.1000000000000005,0.2333333333333333,2.5,0.10000000000000002,0.13333333333333333
Bobby Portis,13.366666666666667,1.2666666666666666,8.6,0.6333333333333333,0.43333333333333335
Bogdan Bogdanović,15.166666666666666,3.0666666666666664,3.5666666666666664,1.0,0.26666666666666666
Bojan Bogdanović,18.900000000000002,2.066666666666667,4.0,0.5666666666666667,0.06666666666666667
Bol Bol,4.566666666666666,0.5333333333333333,2.6666666666666665,0.20000000000000004,0.5333333333333333
Bones Hyland,10.95,2.95,2.55,0.6499999999999999,0.3
Brad Wanamaker,4.55,2.65,1.7,0.5,0.25
Bradley Beal,25.900000000000002,5.466666666666666,4.433333333333334,1.0,0.5
Brandon Boston Jr.,6.6,0.95,1.8,0.45,0.15
Brandon Clarke,10.233333333333334,1.4000000000000001,5.466666666666666,0.7333333333333334,0.9
Brandon Goodwin,4.85,2.25,1.7,0.55,0.0
Brandon Ingram,23.733333333333334,5.433333333333334,5.3999999999999995,0.6666666666666666,0.5
Brandon Knight,6.4,1.6,1.6,0.2,0.0
Brandon Williams,12.9,3.9,3.1,1.0,0.4
Braxton Key,4.25,0.5,2.4,0.45,0.5
Brian Bowen,0.5,0.0,0.5,0.0,0.0
Brodric Thomas,2.85,0.9,1.25,0.3,0.2
Brook Lopez,13.533333333333333,0.8333333333333334,5.266666666666667,0.5666666666666667,1.7333333333333334
Bruce Brown,9.766666666666667,2.3666666666666667,4.766666666666667,1.0333333333333334,0.5666666666666667
Bruno Caboclo,2.8,0.2,2.3,0.0,0.3
Bruno Fernando,2.766666666666667,0.43333333333333335,2.566666666666667,0.10000000000000002,0.46666666666666673
Bryce McGowens,5.3,1.2,2.0,0.3,0.1
Bryn Forbes,7.466666666666666,0.7666666666666666,1.1333333333333333,0.3,0.06666666666666667
Buddy Boeheim,1.6,0.4,0.6,0.2,0.0
Buddy Hield,16.333333333333332,3.0666666666666664,4.7,1.0,0.3333333333333333
C.J. Miles,0.0,0.0,0.0,0.0,0.0
CJ Elleby,4.05,0.9,2.5,0.4,0.2
CJ McCollum,22.03333333333333,5.166666666666667,4.2,0.9666666666666668,0.43333333333333335
Cade Cunningham,18.65,5.8,5.85,1.0,0.6499999999999999
Caleb Houstan,3.8,0.6,1.9,0.2,0.1
Caleb Martin,7.933333333333333,1.3333333333333333,3.766666666666667,0.9,0.3666666666666667
Cam Reddish,10.333333333333334,1.2333333333333334,2.766666666666667,1.0999999999999999,0.3333333333333333
Cam Thomas,9.55,1.2999999999999998,2.05,0.45,0.1
Cameron Johnson,12.533333333333333,1.5999999999999999,3.9333333333333336,0.9,0.26666666666666666
Cameron McGriff,4.7,1.0,5.0,0.0,0.3
Cameron Oliver,11.15,1.4,4.15,0.5,0.75
Cameron Payne,9.833333333333334,4.333333333333333,2.533333333333333,0.6666666666666666,0.26666666666666666
Cameron Reynolds,3.0,0.4,1.0,0.0,0.0
Caris LeVert,16.433333333333334,4.466666666666667,4.033333333333333,1.0999999999999999,0.43333333333333335
Carlik Jones,1.85,0.95,0.6499999999999999,0.25,0.0
Carmelo Anthony,13.350000000000001,1.25,3.6500000000000004,0.7,0.7
Carsen Edwards,4.9,2.0,1.15,0.35,0.0
Cassius Stanley,3.65,0.2,1.4500000000000002,0.3,0.15000000000000002
Cassius Winston,1.95,0.75,0.25,0.05,0.0
Cat Barber,0.0,1.0,1.0,0.0,0.0
Cedi Osman,9.933333333333332,2.1333333333333333,2.6333333333333333,0.7333333333333334,0.16666666666666666
Chance Comanche,7.0,0.0,3.0,0.0,1.0
Chandler Hutchison,2.5,0.5,1.9500000000000002,0.25,0.1
Charles Bassey,4.35,0.8,4.1,0.35,0.8
Charlie Brown Jr.,2.9000000000000004,0.65,1.7,0.45,0.2
Chasson Randle,6.5,1.8,2.0,0.5,0.1
Chaundee Brown Jr.,6.2,0.8,3.2,0.4,0.0
Cheick Diallo,3.7,0.0,4.0,0.3,0.0
Chima Moneke,1.0,0.5,1.0,0.0,0.0
Chimezie Metu,6.7,0.7999999999999999,3.9,0.5333333333333333,0.43333333333333335
Chris Boucher,10.799999999999999,0.6000000000000001,6.133333333333333,0.6,1.2
Chris Chiozza,3.0,2.45,1.1,0.35,0.15
Chris Duarte,10.5,1.75,3.3,0.75,0.2
Chris Paul,15.0,9.533333333333333,4.3999999999999995,1.5999999999999999,0.3333333333333333
Chris Silva,2.2333333333333334,0.3666666666666667,1.8,0.03333333333333333,0.16666666666666666
Christian Braun,4.7,0.8,2.4,0.5,0.2
Christian Koloko,3.1,0.5,2.9,0.4,1.0
Christian Wood,18.5,1.9333333333333333,9.0,0.6666666666666666,1.0999999999999999
Chuma Okeke,7.033333333333334,1.7666666666666666,4.2,1.0666666666666667,0.5
Clint Capela,12.766666666666666,0.9666666666666667,12.4,0.6999999999999998,1.5
Coby White,12.5,3.5,3.3333333333333335,0.6,0.16666666666666666
Cody Martin,5.566666666666666,1.9333333333333333,3.5,0.8333333333333334,0.26666666666666666
Cody Zeller,7.033333333333334,1.0999999999999999,5.233333333333333,0.3666666666666667,0.3
Cole Anthony,14.066666666666668,4.566666666666666,4.966666666666667,0.6333333333333333,0.4000000000000001
Cole Swider,1.3,0.6,1.0,0.0,0.0
Collin Sexton,18.2,3.1333333333333333,2.8666666666666667,0.8333333333333334,0.10000000000000002
Corey Kispert,9.649999999999999,1.15,2.75,0.45,0.2
Cory Joseph,7.7,3.5,2.3000000000000003,0.7000000000000001,0.2333333333333333
Craig Sword,2.0,0.3,0.0,1.3,0.0
Cristiano Felício,1.3,0.5,1.4,0.2,0.0
D'Angelo Russell,18.3,6.366666666666667,2.966666666666667,1.0333333333333334,0.3666666666666667
D.J. Augustin,6.5,2.5999999999999996,1.4,0.4,0.0
D.J. Wilson,6.35,1.0,3.6,0.8,0.4
DaQuan Jeffries,2.4,0.5,1.5,0.25,0.15
Daishen Nix,3.6,2.0,1.5499999999999998,0.55,0.05
Dakota Mathias,3.5,0.9,0.6,0.15000000000000002,0.2
Dalano Banton,3.9,1.35,1.7,0.4,0.30000000000000004
Dalen Terry,2.2,0.6,1.0,0.3,0.1
Damian Jones,5.433333333333334,0.7666666666666666,3.5,0.3333333333333333,0.6666666666666666
Damian Lillard,28.333333333333332,7.366666666666667,4.366666666666666,0.7999999999999999,0.3333333333333333
Damion Lee,7.366666666666667,1.2,3.1333333333333333,0.5666666666666667,0.10000000000000002
Damyean Dotson,4.35,1.25,1.5,0.15,0.05
Daniel Gafford,8.466666666666667,0.8333333333333334,5.2,0.43333333333333335,1.3666666666666665
Daniel Oturu,2.4,0.15,1.65,0.05,0.44999999999999996
Daniel Theis,8.266666666666666,1.3,4.5,0.43333333333333335,0.8333333333333334
Danilo Gallinari,12.5,1.5,4.4,0.5,0.2
Danny Green,6.966666666666666,1.0666666666666667,2.533333333333333,0.9333333333333332,0.5666666666666667
Dante Exum,3.8,2.2,2.8,0.7,0.3
Danuel House Jr.,6.5,1.2333333333333334,2.6666666666666665,0.4666666666666666,0.3333333333333333
Dario Šarić,7.55,1.3,3.7,0.5,0.1
Darius Bazley,9.9,1.3666666666666665,5.566666666666666,0.6,0.7666666666666666
Darius Days,3.8,0.3,1.5,0.0,0.3
Darius Garland,20.233333333333334,7.5,2.8000000000000003,1.2333333333333334,0.10000000000000002
Darius Miller,4.1,1.2,1.3,0.7,0.3
Darren Collison,1.3,0.7,1.3,0.3,0.0
David Duke Jr.,4.2,0.8500000000000001,2.15,0.5,0.15
David Johnson,0.0,0.0,0.0,0.0,0.0
David Nwaba,7.1499999999999995,0.9,3.5999999999999996,0.8,0.55
David Roddy,6.7,0.8,2.8,0.4,0.3
Davion Mitchell,8.55,3.25,1.75,0.6499999999999999,0.25
Davon Reed,3.25,0.8,1.8499999999999999,0.4,0.15000000000000002
Day'Ron Sharpe,5.45,0.65,4.6,0.3,0.6
De'Aaron Fox,24.46666666666667,6.3,3.866666666666667,1.2666666666666666,0.39999999999999997
De'Andre Hunter,14.6,1.5333333333333332,4.1000000000000005,0.6666666666666666,0.4000000000000001
De'Anthony Melton,10.0,2.6,3.9,1.4000000000000001,0.5333333333333333
DeAndre Jordan,5.633333333333333,0.9666666666666668,6.066666666666666,0.3,0.7999999999999999
DeAndre' Bembry,5.4,1.65,2.9,0.95,0.4
DeJon Jarreau,0.0,0.0,0.0,0.0,0.0
DeMar DeRozan,24.666666666666668,5.633333333333333,4.666666666666667,0.9666666666666668,0.3333333333333333
DeMarcus Cousins,8.95,1.7,6.0,0.75,0.5
Dean Wade,5.333333333333333,1.0,3.233333333333333,0.6,0.3
Deandre Ayton,16.533333333333335,1.5,10.233333333333333,0.6333333333333333,0.9
Deividas Sirvydis,1.55,0.3,1.75,0.55,0.15
Dejounte Murray,19.099999999999998,6.8999999999999995,6.900000000000001,1.6666666666666667,0.2333333333333333
Delon Wright,7.333333333333333,3.5666666666666664,3.6,1.5333333333333332,0.3333333333333333
Deni Avdija,7.966666666666666,2.0,5.5,0.7333333333333334,0.39999999999999997
Dennis Schröder,13.833333333333334,4.966666666666666,3.1,0.9,0.16666666666666666
Dennis Smith Jr.,7.033333333333334,3.9,2.6333333333333333,1.2,0.4666666666666666
Denzel Valentine,4.7,1.1,2.5,0.4,0.05
Deonte Burton,0.0,0.0,0.0,0.0,0.0
Dereon Seabron,0.8,0.0,0.2,0.0,0.0
Derrick Favors,5.35,0.6,5.1,0.45,0.65
Derrick Jones Jr.,5.8,0.6333333333333333,3.0666666666666664,0.5333333333333333,0.7000000000000001
Derrick Rose,10.766666666666666,3.3000000000000003,2.3666666666666667,0.7000000000000001,0.3666666666666667
Derrick Walton,6.3,7.0,3.3,2.3,1.3
Derrick White,13.666666666666666,4.1000000000000005,3.3666666666666667,0.7666666666666666,0.9
Desmond Bane,16.3,2.9333333333333336,4.166666666666667,0.9333333333333332,0.3333333333333333
Devin Booker,26.733333333333334,4.866666666666666,4.566666666666666,0.9666666666666668,0.3
Devin Cannady,7.15,1.05,0.8999999999999999,0.8,0.35
Devin Vassell,12.1,2.1333333333333333,3.6666666666666665,0.9666666666666668,0.43333333333333335
Devon Dotson,1.7333333333333334,1.0999999999999999,1.0,0.43333333333333335,0.0
Devontae Cacok,2.55,0.25,2.2,0.4,0.35
Devonte' Graham,11.366666666666667,4.1000000000000005,2.2333333333333334,0.7999999999999999,0.16666666666666666
Dewayne Dedmon,6.2,0.7333333333333334,4.8999999999999995,0.39999999999999997,0.5
Didi Louzada,3.3,0.8,1.45,0.44999999999999996,0.1
Dillon Brooks,16.633333333333333,2.5666666666666664,3.1333333333333333,1.0666666666666667,0.3
Domantas Sabonis,19.433333333333334,6.3999999999999995,12.133333333333333,1.0,0.4666666666666666
Dominick Barlow,3.9,0.9,3.6,0.4,0.7
Donovan Mitchell,26.866666666666664,4.966666666666667,4.3,1.3333333333333333,0.3
Donovan Williams,2.0,0.0,1.0,0.0,0.0
Donta Hall,5.6,0.8,4.8,0.4,0.8
Donte DiVincenzo,9.6,3.1333333333333333,4.766666666666667,1.1666666666666667,0.16666666666666666
Dorian Finney-Smith,9.700000000000001,1.7,4.966666666666667,0.9333333333333335,0.4666666666666666
Doug McDermott,11.700000000000001,1.3333333333333333,2.6,0.26666666666666666,0.10000000000000002
Draymond Green,7.666666666666667,7.566666666666666,7.2,1.3333333333333333,0.9
Drew Eubanks,6.7,1.0999999999999999,5.1000000000000005,0.39999999999999997,0.9333333333333332
Dru Smith,2.9,1.5,1.6,0.7,0.3
Duane Washington Jr.,8.9,1.9,1.45,0.35,0.1
Duncan Robinson,10.133333333333333,1.5,2.566666666666667,0.4666666666666666,0.16666666666666666
Dwayne Bacon,10.9,1.3,3.1,0.6,0.1
Dwight Howard,6.6,0.75,7.15,0.5,0.75
Dwight Powell,7.1000000000000005,1.0666666666666667,4.333333333333333,0.5666666666666667,0.43333333333333335
Dylan Windler,3.033333333333333,0.7000000000000001,1.7666666666666666,0.39999999999999997,0.16666666666666666
Dyson Daniels,3.8,2.3,3.2,0.7,0.2
Dāvis Bertāns,7.233333333333333,0.6666666666666666,2.066666666666667,0.36666666666666664,0.20000000000000004
E'Twaun Moore,4.9,1.5,1.7,0.6,0.2
Ed Davis,1.5,0.55,3.55,0.35,0.44999999999999996
Edmond Sumner,7.3,1.1,1.65,0.6,0.2
Elfrid Payton,6.55,2.6,2.6,0.6,0.1
Elijah Bryant,16.0,3.0,6.0,0.0,1.0
Elijah Hughes,2.6,0.44999999999999996,1.05,0.25,0.15000000000000002
Emanuel Terry,0.0,0.7,5.0,0.3,0.0
Emmanuel Mudiay,1.5,2.0,0.0,0.5,0.0
Enes Freedom,7.449999999999999,0.7,7.8,0.3,0.55
Eric Bledsoe,11.05,4.0,3.4,1.05,0.35
Eric Gordon,14.533333333333333,2.6666666666666665,2.0,0.5333333333333333,0.39999999999999997
Eric Paschall,7.65,0.95,2.5,0.25,0.15000000000000002
Ersan İlyasova,3.8,0.2,1.7,0.6,0.2
Eugene Omoruyi,4.4,0.6,2.3,0.35,0.05
Evan Fournier,12.433333333333335,2.2666666666666666,2.466666666666667,0.9,0.3
Evan Mobley,15.6,2.65,8.65,0.8,1.6
Facundo Campazzo,4.166666666666667,2.6999999999999997,1.4000000000000001,1.0,0.20000000000000004
Feron Hunt,0.0,0.5,0.5,0.5,0.0
Frank Jackson,6.8,0.9666666666666667,1.9333333333333336,0.3,0.06666666666666667
Frank Kaminsky,6.566666666666666,1.3333333333333333,3.3333333333333335,0.4666666666666666,0.43333333333333335
Frank Mason III,6.3,3.0,3.0,0.0,0.0
Frank Ntilikina,3.233333333333333,1.0,1.2,0.43333333333333335,0.10000000000000002
Franz Wagner,16.9,3.2,4.3,0.95,0.30000000000000004
Fred VanVleet,19.733333333333334,6.733333333333333,4.233333333333333,1.7333333333333334,0.6
Freddie Gillespie,3.9499999999999997,0.55,4.45,0.5,1.0
Furkan Korkmaz,6.833333333333333,1.3333333333333333,1.9333333333333336,0.5666666666666667,0.13333333333333333
Gabe Vincent,7.633333333333333,2.3000000000000003,1.7,0.7333333333333334,0.10000000000000002
Gabe York,6.0,1.85,1.5,0.85,0.25
Gabriel Deck,5.5,1.5499999999999998,2.45,0.45,0.0
Gabriel Lundberg,3.3,2.8,1.8,0.8,0.0
Garrett Temple,4.933333333333334,1.3333333333333333,2.0,0.6333333333333333,0.3333333333333333
Garrison Mathews,6.766666666666667,0.6333333333333333,1.8999999999999997,0.6,0.20000000000000004
Gary Clark,2.9000000000000004,0.65,2.65,0.3,0.2
Gary Harris,9.766666666666667,1.6666666666666667,2.0,0.8666666666666667,0.2333333333333333
Gary Payton II,4.733333333333333,0.7999999999999999,2.566666666666667,1.0,0.19999999999999998
Gary Trent Jr.,17.0,1.6666666666666667,2.6333333333333333,1.4333333333333333,0.2333333333333333
George Hill,6.633333333333333,2.3333333333333335,2.2333333333333334,0.7333333333333334,0.13333333333333333
George King,0.3,0.0,1.3,0.0,0.0
Georges Niang,8.1,1.0333333333333334,2.5,0.3666666666666667,0.16666666666666666
Georgios Kalaitzakis,6.6,0.9,1.6,0.8,0.2
Giannis Antetokounmpo,29.7,5.8,11.466666666666667,1.0333333333333334,1.1333333333333333
Glenn Robinson III,5.3,0.9,2.0,0.2,0.1
Goga Bitadze,5.5,0.9666666666666668,3.466666666666667,0.3333333333333333,0.9333333333333332
Goran Dragić,9.066666666666666,3.6999999999999997,2.6333333333333333,0.6,0.16666666666666666
Gordon Hayward,16.733333333333334,3.933333333333333,4.933333333333334,1.0,0.3
Gorgui Dieng,4.733333333333333,1.2666666666666666,3.3333333333333335,0.3666666666666667,0.39999999999999997
Grant Riller,2.6,0.4,0.1,0.1,0.0
Grant Williams,6.866666666666667,1.2333333333333334,3.6666666666666665,0.5,0.5
Grayson Allen,10.700000000000001,2.0,3.3000000000000003,0.8333333333333334,0.2333333333333333
Greg Brown III,3.25,0.44999999999999996,2.0,0.4,0.4
Greg Monroe,5.4,1.6,4.6,0.6,0.7
Greg Whittington,0.0,0.0,0.0,0.0,0.0
Hamidou Diallo,10.633333333333333,1.4000000000000001,4.5,0.9666666666666667,0.3666666666666667
Harrison Barnes,15.833333333333334,2.5,5.566666666666666,0.6999999999999998,0.16666666666666666
Harry Giles,2.8,0.8,3.5,0.2,0.3
Hassan Whiteside,8.149999999999999,0.5,6.8,0.3,1.4500000000000002
Hassani Gravett,6.3,2.5,2.6,0.6,0.1
Haywood Highsmith,3.35,0.55,2.45,0.39999999999999997,0.25
Henry Ellenson,7.5,2.5,6.0,0.0,0.0
Herbert Jones,9.65,2.3,3.9499999999999997,1.65,0.7
Ignas Brazdeikis,6.0,1.1,2.6,0.25,0.15000000000000002
Iman Shumpert,1.0,0.0,0.5,0.5,0.0
Immanuel Quickley,12.533333333333333,2.966666666666667,3.1666666666666665,0.7333333333333334,0.13333333333333333
Isaac Bonga,1.4,0.44999999999999996,1.1,0.4,0.15000000000000002
Isaac Okoro,8.266666666666667,1.5999999999999999,2.8666666666666667,0.7999999999999999,0.3666666666666667
Isaiah Hartenstein,6.133333333333333,1.5999999999999999,5.1000000000000005,0.5666666666666667,0.9
Isaiah Jackson,7.75,0.55,4.3,0.6,1.45
Isaiah Joe,5.6000000000000005,0.7666666666666666,1.4333333333333333,0.43333333333333335,0.10000000000000002
Isaiah Livers,6.550000000000001,0.9500000000000001,2.9,0.6,0.45
Isaiah Mobley,2.4,0.2,1.5,0.3,0.2
Isaiah Roby,7.633333333333333,1.4333333333333333,4.3,0.7000000000000001,0.5333333333333333
Isaiah Stewart,9.166666666666666,1.1666666666666667,7.833333333333333,0.43333333333333335,1.0333333333333334
Isaiah Thomas,8.05,1.6,1.3,0.3,0.1
Isaiah Todd,1.6,0.5,1.5,0.25,0.1
Ish Smith,5.166666666666667,3.3333333333333335,2.3000000000000003,0.5333333333333333,0.3
Ish Wainright,3.3,0.6,1.75,0.5,0.25
Ivica Zubac,10.033333333333333,1.3,8.533333333333333,0.4000000000000001,1.0666666666666667
J.J. Redick,7.4,1.2,1.5,0.3,0.1
JD Davison,1.6,0.9,0.8,0.2,0.2
JT Thor,2.9,0.55,1.75,0.25,0.3
Ja Morant,24.233333333333334,7.3999999999999995,5.2,1.0666666666666667,0.3
JaKarr Sampson,4.6,0.1,2.7,0.1,0.5
JaMychal Green,6.966666666666666,0.9,4.2,0.4666666666666666,0.4000000000000001
JaQuori McLaughlin,0.0,0.5,0.0,0.0,0.0
JaVale McGee,6.966666666666666,0.5666666666666668,4.8,0.26666666666666666,0.9666666666666668
Jabari Parker,4.95,0.65,2.75,0.2,0.25
Jabari Smith Jr.,12.8,1.3,7.2,0.5,0.9
Jabari Walker,3.9,0.6,2.3,0.2,0.2
Jack White,1.2,0.2,1.0,0.2,0.1
Jacob Gilyard,3.0,7.0,4.0,3.0,0.0
Jaden Hardy,8.8,1.4,1.9,0.4,0.1
Jaden Ivey,16.3,5.2,3.9,0.8,0.2
Jaden McDaniels,9.366666666666667,1.3666666666666665,3.9333333333333336,0.7333333333333334,0.9333333333333332
Jaden Springer,1.8,0.25,0.95,0.2,0.6
Jae Crowder,8.799999999999999,1.8333333333333333,4.6000000000000005,0.9666666666666667,0.39999999999999997
Jae'Sean Tate,10.733333333333334,2.6666666666666665,4.833333333333333,0.9333333333333332,0.39999999999999997
Jahlil Okafor,5.4,0.5,2.4,0.2,0.2
Jahmi'us Ramsey,3.1500000000000004,0.45,0.75,0.2,0.1
Jaime Echenique,0.0,0.0,0.0,0.0,0.0
Jake LaRavia,3.0,0.6,1.8,0.3,0.1
Jake Layman,3.75,0.44999999999999996,1.3,0.4,0.25
Jakob Poeltl,11.533333333333333,2.466666666666667,8.766666666666667,0.7666666666666666,1.5666666666666667
Jalen Brunson,17.633333333333333,4.833333333333333,3.6,0.7333333333333334,0.06666666666666667
Jalen Duren,9.1,1.1,8.9,0.7,0.9
Jalen Green,19.700000000000003,3.1500000000000004,3.55,0.75,0.25
Jalen Harris,7.4,1.3,1.4,0.6,0.0
Jalen Johnson,4.0,0.65,2.6,0.3,0.3
Jalen Lecque,1.3,0.5,1.3,0.0,0.0
Jalen McDaniels,7.666666666666667,1.2666666666666668,3.6666666666666665,0.7000000000000001,0.4000000000000001
Jalen Smith,6.866666666666667,0.5333333333333333,4.3999999999999995,0.19999999999999998,0.6333333333333334
Jalen Suggs,10.850000000000001,3.6500000000000004,3.3,1.25,0.45
Jalen Williams,14.1,3.3,4.5,1.4,0.5
Jamal Cain,5.4,0.7,2.9,0.6,0.1
Jamal Murray,20.6,5.5,4.0,1.15,0.25
Jamaree Bouyea,3.0,0.8,1.2,0.8,0.4
James Bouknight,5.1,1.0,1.9,0.30000000000000004,0.05
James Ennis III,6.25,0.95,2.85,0.55,0.25
James Harden,22.53333333333333,10.6,7.233333333333333,1.2333333333333334,0.6333333333333333
James Johnson,5.166666666666667,1.5999999999999999,2.9,0.5666666666666668,0.5333333333333333
James Nunnally,1.7,0.3,1.0,0.0,0.0
James Wiseman,10.75,0.7,5.85,0.25,0.75
Jamorko Pickett,3.8,0.5,2.5,0.0,0.5
Jared Butler,5.0,1.4,0.9,0.6000000000000001,0.1
Jared Dudley,0.5,0.4,1.8,0.1,0.1
Jared Harper,3.9000000000000004,1.45,0.35,0.4,0.1
Jared Rhoden,3.2,0.3,2.6,0.3,0.1
Jaren Jackson Jr.,16.433333333333334,1.0666666666666667,6.066666666666666,1.0,2.3000000000000003
Jarred Vanderbilt,6.733333333333334,1.6333333333333335,7.233333333333333,1.1333333333333335,0.5333333333333333
Jarrell Brantley,3.9,0.65,1.25,0.15,0.3
Jarrett Allen,14.4,1.6666666666666667,10.200000000000001,0.7000000000000001,1.3
Jarrett Culver,4.3999999999999995,0.7333333333333334,2.733333333333333,0.5333333333333333,0.19999999999999998
Jarron Cumberland,0.7,0.3,1.0,0.0,0.0
Jason Preston,2.9,1.9,1.6,0.1,0.0
Javin DeLaurier,0.0,0.0,1.0,1.0,0.0
Javonte Green,5.333333333333333,0.6666666666666666,2.9,0.8333333333333334,0.4333333333333333
Javonte Smart,3.0,0.9,1.4,0.4,0.2
Jaxson Hayes,7.266666666666667,0.6333333333333333,3.8666666666666667,0.43333333333333335,0.6
Jay Huff,3.65,0.85,2.0,0.35,0.44999999999999996
Jay Scrubb,6.0,0.39999999999999997,2.466666666666667,0.7333333333333334,0.06666666666666667
Jaylen Adams,0.3,0.3,0.4,0.0,0.0
Jaylen Brown,24.96666666666667,3.466666666666667,6.333333333333333,1.1333333333333335,0.43333333333333335
Jaylen Hoard,10.399999999999999,1.85,7.7,0.8,0.5
Jaylen Morris,0.7,0.7,0.7,0.0,0.0
Jaylen Nowell,9.433333333333334,1.8666666666666665,2.3000000000000003,0.5,0.19999999999999998
Jaylin Williams,5.9,1.6,4.9,0.6,0.2
Jaysean Paige,0.0,1.0,1.0,0.0,0.0
Jayson Tatum,27.8,4.433333333333334,8.066666666666668,1.0999999999999999,0.6
Jeenathan Williams,10.6,2.0,3.0,0.6,0.4
Jeff Dowtin,2.25,1.15,1.45,0.5,0.1
Jeff Green,9.700000000000001,1.3666666666666665,3.1999999999999997,0.39999999999999997,0.3666666666666667
Jeff Teague,6.7,2.4,1.6,0.6,0.2
Jemerrio Jones,2.0,0.0,1.5,0.5,0.0
Jerami Grant,20.666666666666668,2.533333333333333,4.3999999999999995,0.7666666666666666,0.9666666666666668
Jeremiah Martin,2.4,0.4,0.8,0.6,0.2
Jeremiah Robinson-Earl,7.15,1.0,4.9,0.6,0.3
Jeremy Lamb,8.7,1.45,3.2,0.75,0.5
Jeremy Sochan,11.0,2.5,5.3,0.8,0.4
Jericho Sims,2.8,0.5,4.4,0.3,0.5
Jerome Robinson,4.9,1.5,2.2,0.7,0.4
Jevon Carter,5.433333333333334,1.7,1.9000000000000001,0.5666666666666668,0.26666666666666666
Jimmy Butler,21.933333333333334,5.966666666666666,6.233333333333334,1.8333333333333333,0.3666666666666667
Jock Landale,5.75,0.9,3.3499999999999996,0.2,0.35
Joe Harris,11.0,1.4333333333333333,3.266666666666667,0.5666666666666667,0.16666666666666666
Joe Ingles,8.733333333333333,3.8333333333333335,3.1,0.6333333333333333,0.13333333333333333
Joe Johnson,2.0,0.0,0.0,0.0,0.0
Joe Wieskamp,1.55,0.3,0.45,0.05,0.05
Joel Ayayi,0.3,0.6,0.4,0.0,0.0
Joel Embiid,30.733333333333334,3.733333333333333,10.833333333333334,1.0333333333333334,1.5333333333333332
John Butler,2.4,0.6,0.9,0.4,0.5
John Collins,15.633333333333335,1.4000000000000001,7.233333333333333,0.5666666666666667,1.0
John Konchar,4.733333333333333,1.3333333333333333,3.9666666666666663,0.7999999999999999,0.26666666666666666
John Wall,16.0,6.050000000000001,2.95,0.9500000000000001,0.6000000000000001
Johnny Davis,5.8,1.0,2.3,0.4,0.3
Johnny Juzang,4.8,0.4,2.2,0.2,0.2
Jon Teske,0.0,0.3,0.7,0.3,0.0
Jonas Valančiūnas,16.333333333333332,2.066666666666667,11.366666666666667,0.5,0.7999999999999999
Jonathan Isaac,5.0,0.5,4.0,1.3,0.4
Jonathan Kuminga,9.600000000000001,1.4,3.3499999999999996,0.5,0.4
Jontay Porter,2.0,0.1,1.3,0.3,0.1
Jordan Bell,1.25,0.6,2.5,0.75,0.4
Jordan Bone,4.0,1.3,1.7,0.1,0.0
Jordan Clarkson,18.400000000000002,3.1333333333333333,3.8333333333333335,0.7333333333333334,0.16666666666666666
Jordan Goodwin,3.3,1.35,1.9,0.45,0.2
Jordan Hall,3.1,1.2,1.3,0.1,0.0
Jordan McLaughlin,4.166666666666667,3.3666666666666667,1.6666666666666667,0.8666666666666667,0.13333333333333333
Jordan Nwora,7.433333333333334,0.8666666666666666,3.1,0.43333333333333335,0.2333333333333333
Jordan Poole,16.966666666666665,3.466666666666667,2.6333333333333333,0.7000000000000001,0.26666666666666666
Jordan Schakel,1.4,0.25,1.0,0.4,0.0
Jose Alvarado,7.55,2.9,2.0999999999999996,1.2000000000000002,0.15000000000000002
Josh Christopher,6.85,1.55,1.8,0.7,0.2
Josh Giddey,14.55,6.300000000000001,7.85,0.8500000000000001,0.4
Josh Green,5.5,1.2,2.466666666666667,0.6,0.13333333333333333
Josh Hall,4.1,1.3,2.8,0.2,0.0
Josh Hart,11.299999999999999,3.4,7.666666666666667,1.0333333333333334,0.26666666666666666
Josh Jackson,9.9,1.7,3.4499999999999997,0.7,0.6000000000000001
Josh Minott,3.1,0.3,1.7,0.3,0.4
Josh Okogie,5.133333333333334,1.0333333333333334,2.5,0.7333333333333334,0.39999999999999997
Josh Richardson,10.799999999999999,2.3666666666666667,2.9333333333333336,1.0,0.3666666666666667
Joshua Primo,6.4,3.05,2.8,0.35,0.5
Jrue Holiday,18.433333333333334,6.766666666666667,4.7,1.4666666666666668,0.4666666666666666
Juan Toscano-Anderson,4.266666666666667,1.9333333333333333,3.066666666666667,0.6,0.3
Juancho Hernangómez,4.466666666666667,0.6,3.1,0.4000000000000001,0.16666666666666666
Julian Champagnie,9.7,0.6,3.5,0.4,0.3
Julius Randle,23.100000000000005,5.066666666666666,10.033333333333333,0.7333333333333334,0.3666666666666667
Justin Anderson,6.4,2.1,2.9,0.5,0.4
Justin Champagnie,2.25,0.55,1.8,0.2,0.05
Justin Holiday,8.366666666666667,1.4333333333333333,2.466666666666667,0.7333333333333334,0.4666666666666666
Justin Jackson,3.4,0.7333333333333334,1.3333333333333333,0.20000000000000004,0.10000000000000002
Justin James,3.9,0.6,0.8,0.2,0.1
Justin Minaya,4.3,1.0,3.8,0.5,1.3
Justin Patton,5.4,1.1,3.8,0.9,1.1
Justin Robinson,2.7,1.15,0.8,0.35,0.0
Justise Winslow,6.433333333333334,2.3666666666666667,4.566666666666666,0.7666666666666666,0.4666666666666666
Jusuf Nurkić,13.266666666666666,3.033333333333333,9.733333333333333,0.9666666666666668,0.8333333333333334
Juwan Morgan,1.85,0.4,1.5,0.05,0.0
KZ Okpala,2.5,0.5333333333333333,1.5999999999999999,0.2333333333333333,0.26666666666666666
Kai Jones,2.2,0.25,1.6,0.2,0.39999999999999997
Karim Mané,1.1,0.4,1.4,0.0,0.2
Karl-Anthony Towns,23.400000000000002,4.3,9.5,0.8333333333333334,0.9333333333333335
Kawhi Leonard,24.3,4.55,6.5,1.5,0.45
Keegan Murray,12.2,1.2,4.6,0.8,0.5
Keifer Sykes,5.6,1.9,1.4,0.4,0.1
Keita Bates-Diop,6.0,0.8666666666666667,3.0666666666666664,0.5333333333333333,0.2333333333333333
Kelan Martin,5.1,0.6,2.0,0.35,0.3
Keldon Johnson,17.266666666666666,2.2666666666666666,5.7,0.7000000000000001,0.2333333333333333
Keljin Blevins,1.9,0.4,1.05,0.25,0.0
Kelly Olynyk,11.700000000000001,3.1333333333333333,5.866666666666667,0.9333333333333335,0.5333333333333333
Kelly Oubre Jr.,16.900000000000002,1.1666666666666667,5.066666666666666,1.1333333333333333,0.5333333333333333
Kemba Walker,12.966666666666667,3.5,2.9333333333333336,0.6666666666666666,0.2333333333333333
Kendall Brown,1.5,0.5,1.0,0.7,0.0
Kendrick Nunn,10.85,1.9500000000000002,2.4000000000000004,0.65,0.2
Kennedy Chandler,2.2,1.6,1.1,0.3,0.1
Kenneth Lofton Jr.,5.0,0.8,2.1,0.2,0.1
Kenrich Williams,7.8,2.1666666666666665,4.5,0.8333333333333334,0.26666666666666666
Kent Bazemore,5.3,1.25,2.6,0.8,0.35
Kentavious Caldwell-Pope,11.233333333333334,2.0666666666666664,2.9333333333333336,1.1666666666666667,0.39999999999999997
Kenyon Martin Jr.,10.266666666666667,1.3,4.8999999999999995,0.5333333333333333,0.6
Keon Ellis,1.5,0.4,0.5,0.3,0.1
Keon Johnson,5.95,1.8,1.6500000000000001,0.65,0.25
Kessler Edwards,4.35,0.6,2.65,0.5,0.35
Kevin Durant,28.633333333333336,5.666666666666667,7.066666666666666,0.7666666666666666,1.2
Kevin Huerter,13.066666666666668,3.033333333333333,3.3333333333333335,1.0,0.3333333333333333
Kevin Knox,4.533333333333333,0.43333333333333335,1.9333333333333333,0.26666666666666666,0.13333333333333333
Kevin Love,11.333333333333334,2.1999999999999997,7.0,0.43333333333333335,0.16666666666666666
Kevin Pangos,1.6,1.3,0.5,0.1,0.0
Kevin Porter Jr.,17.133333333333336,6.066666666666666,4.5,1.0666666666666667,0.3333333333333333
Kevon Harris,4.1,0.5,2.1,0.5,0.1
Kevon Looney,5.7,2.1666666666666665,7.3,0.5,0.5333333333333333
Khem Birch,4.633333333333334,0.9,3.8000000000000003,0.5,0.5
Khris Middleton,18.533333333333335,5.233333333333333,5.2,1.0,0.19999999999999998
Khyri Thomas,16.4,5.0,3.6,1.8,1.2
Killian Hayes,8.0,5.233333333333333,2.9333333333333336,1.2,0.43333333333333335
Killian Tillie,3.25,0.5,1.5,0.44999999999999996,0.4
Kira Lewis Jr.,5.633333333333333,1.7333333333333334,1.4000000000000001,0.5333333333333333,0.10000000000000002
Klay Thompson,21.15,2.5999999999999996,4.0,0.6,0.45
Kobi Simmons,1.0,1.0,0.8,0.0,0.4
Kostas Antetokounmpo,0.8,0.1,1.3,0.1,0.3
Kris Dunn,7.366666666666667,3.9,3.1666666666666665,1.0666666666666667,0.39999999999999997
Kristaps Porziņģis,21.166666666666668,2.1999999999999997,8.466666666666667,0.7000000000000001,1.4666666666666668
Kyle Anderson,9.799999999999999,3.733333333333334,5.433333333333334,1.1333333333333335,0.7999999999999999
Kyle Guy,3.3499999999999996,0.95,1.0,0.30000000000000004,0.05
Kyle Kuzma,17.066666666666666,3.033333333333333,7.266666666666667,0.5666666666666667,0.6666666666666666
Kyle Lowry,13.933333333333332,6.633333333333333,4.666666666666667,1.0333333333333334,0.3333333333333333
Kyrie Irving,27.133333333333336,5.766666666666667,4.766666666666667,1.3,0.7000000000000001
LaMarcus Aldridge,13.2,1.4,5.0,0.35,1.05
LaMelo Ball,19.7,7.366666666666667,6.333333333333333,1.5,0.3666666666666667
Lamar Stevens,5.166666666666667,0.6,2.766666666666667,0.43333333333333335,0.3
Lance Stephenson,8.3,3.6,2.8,0.5,0.1
Landry Shamet,8.766666666666667,1.8333333333333333,1.7666666666666666,0.5333333333333333,0.13333333333333333
Langston Galloway,3.4,1.2,1.85,0.15000000000000002,0.0
Larry Nance Jr.,7.7,2.2333333333333334,5.833333333333333,1.1666666666666667,0.5
Lauri Markkanen,18.0,1.3666666666666665,6.533333333333334,0.6,0.4666666666666666
LeBron James,28.066666666666666,6.933333333333334,8.066666666666666,1.1,0.7666666666666667
Leandro Bolmaro,0.8999999999999999,0.55,0.85,0.2,0.05
Lester Quinones,2.5,0.5,0.8,0.3,0.0
Lindell Wigginton,5.65,1.6,1.15,0.15,0.2
Lindy Waters III,6.6,0.85,2.35,0.55,0.3
Lonnie Walker IV,11.666666666666666,1.6666666666666667,2.3666666666666667,0.5333333333333333,0.3
Lonzo Ball,13.8,5.4,5.1,1.65,0.75
Lou Williams,8.8,2.65,1.85,0.6,0.1
Louis King,10.6,1.4666666666666668,2.733333333333333,0.7999999999999999,0.19999999999999998
Luguentz Dort,14.966666666666667,1.8333333333333333,4.133333333333334,0.9333333333333332,0.3666666666666667
Luka Dončić,29.5,8.433333333333332,8.566666666666666,1.2,0.5333333333333333
Luka Garza,6.15,0.6,2.7,0.2,0.15000000000000002
Luka Šamanić,6.800000000000001,1.3,3.2,0.55,0.25
Luke Kennard,9.833333333333334,1.7666666666666668,2.8666666666666667,0.5,0.10000000000000002
Luke Kornet,3.0666666666666664,0.7333333333333334,2.3333333333333335,0.16666666666666666,0.6333333333333333
M.J. Walker,0.0,0.5,0.5,1.0,0.0
Mac McClung,8.25,2.5,3.25,0.25,0.25
Malachi Flynn,5.466666666666666,1.9333333333333333,1.7666666666666666,0.5666666666666668,0.10000000000000002
Malaki Branham,10.2,1.9,2.7,0.5,0.1
Malcolm Brogdon,18.400000000000002,5.166666666666667,4.866666666666666,0.7999999999999999,0.3333333333333333
Malcolm Hill,2.4,0.2,1.2,0.2,0.1
Malik Beasley,14.799999999999999,1.8,3.6,0.7000000000000001,0.16666666666666666
Malik Fitts,1.2,0.15,1.05,0.0,0.0
Malik Monk,13.0,2.966666666666667,2.8000000000000003,0.6333333333333333,0.26666666666666666
Malik Newman,8.0,1.0,1.0,0.0,0.0
Mamadi Diakite,3.3333333333333335,0.39999999999999997,2.766666666666667,0.3666666666666667,0.5
MarJon Beauchamp,5.1,0.7,2.2,0.4,0.1
Marc Gasol,5.0,2.1,4.1,0.5,1.1
Marcus Garrett,1.1,0.6,1.9,0.4,0.3
Marcus Morris,13.333333333333334,1.6333333333333335,4.166666666666667,0.5666666666666667,0.3
Marcus Smart,12.233333333333334,5.966666666666666,3.466666666666667,1.5666666666666667,0.39999999999999997
Mark Williams,9.0,0.4,7.1,0.7,1.0
Markelle Fultz,12.566666666666668,5.533333333333334,3.233333333333333,1.2,0.3333333333333333
Markieff Morris,6.033333333333334,1.1666666666666667,3.0,0.3666666666666667,0.16666666666666666
Marko Simonovic,1.4,0.0,0.7000000000000001,0.05,0.05
Markus Howard,3.4499999999999997,0.35,0.5,0.2,0.0
Marques Bolden,1.2,0.0,1.0,0.3,0.3
Marquese Chriss,5.5,0.75,4.75,0.2,0.7
Marvin Bagley III,12.466666666666667,0.9,6.933333333333334,0.5,0.5333333333333333
Mason Jones,6.05,1.15,2.1,0.35,0.0
Mason Plumlee,9.233333333333334,3.266666666666667,8.633333333333333,0.7333333333333334,0.7333333333333334
Matisse Thybulle,4.566666666666666,0.9333333333333332,2.0666666666666664,1.5,0.9
Matt Mooney,0.0,0.0,0.0,1.0,0.0
Matt Ryan,3.3,0.25,0.4,0.55,0.0
Matt Thomas,3.55,0.45,1.15,0.15000000000000002,0.05
Matthew Dellavedova,2.15,2.9,1.1,0.25,0.05
Maurice Harkless,4.9,0.85,2.4,0.7,0.5
Max Christie,3.1,0.5,1.8,0.2,0.2
Max Strus,9.4,1.3666666666666665,2.4333333333333336,0.39999999999999997,0.16666666666666666
Maxi Kleber,6.666666666666667,1.3333333333333333,4.8999999999999995,0.43333333333333335,0.8333333333333334
McKinley Wright IV,2.6,1.35,0.85,0.15,0.1
Melvin Frazier,10.7,0.3,4.3,0.3,0.0
Meyers Leonard,4.05,0.39999999999999997,3.05,0.1,0.0
Mfiondu Kabengele,1.95,0.2,2.0,0.35,0.15
Micah Potter,3.7,0.3,2.65,0.2,0.15
Michael Carter-Williams,6.550000000000001,3.0,2.9,0.55,0.4
Michael Foster Jr.,0.0,0.0,0.0,0.0,0.0
Michael Porter Jr.,15.433333333333332,1.3333333333333333,6.466666666666666,0.7999999999999999,0.5333333333333333
Mikal Bridges,15.933333333333332,2.5666666666666664,4.3,1.1333333333333335,0.6666666666666666
Mike Conley,13.933333333333332,6.0,3.0666666666666664,1.2666666666666666,0.2333333333333333
Mike James,7.7,4.2,2.5,0.5,0.1
Mike Muscala,7.933333333333333,0.7000000000000001,3.3333333333333335,0.26666666666666666,0.43333333333333335
Mike Scott,4.2,0.8,2.4,0.5,0.3
Miles Bridges,16.45,3.0,6.5,0.8,0.8
Miles McBride,2.85,1.05,0.9500000000000001,0.5,0.05
Mitchell Robinson,8.066666666666668,0.6333333333333333,8.700000000000001,0.9333333333333335,1.7
Miye Oni,1.0999999999999999,0.4,1.0,0.1,0.05
Mo Bamba,8.4,0.9666666666666667,6.166666666666667,0.3666666666666667,1.3
Monte Morris,11.033333333333333,4.3,2.8000000000000003,0.6999999999999998,0.2333333333333333
Montrezl Harrell,10.733333333333334,1.2333333333333334,5.033333333333333,0.4666666666666666,0.5666666666666667
Moritz Wagner,8.799999999999999,1.3333333333333333,3.8000000000000003,0.5,0.26666666666666666
Moses Brown,5.733333333333333,0.10000000000000002,5.3999999999999995,0.3333333333333333,0.6333333333333334
Moses Moody,4.6,0.6000000000000001,1.6,0.2,0.15000000000000002
Moses Wright,1.3,0.5,0.8,0.0,0.3
Moussa Diabaté,2.7,0.2,2.3,0.3,0.4
Mychal Mulder,4.85,0.35,1.2,0.2,0.15000000000000002
Myles Powell,1.2,0.3,0.5,0.1,0.0
Myles Turner,14.5,1.1333333333333333,7.033333333333334,0.7333333333333334,2.8333333333333335
Naji Marshall,7.5,2.1333333333333333,3.5999999999999996,0.7000000000000001,0.19999999999999998
Nassir Little,7.0,0.9,3.6333333333333333,0.3666666666666667,0.5333333333333333
Nate Darling,1.3,0.1,0.1,0.0,0.1
Nate Hinton,1.0,0.2,0.2,0.15,0.05
Nathan Knight,3.733333333333333,0.3666666666666667,2.0,0.26666666666666666,0.2333333333333333
Naz Reid,10.333333333333334,1.0,4.466666666666667,0.5333333333333333,0.9333333333333335
Neemias Queta,2.7,0.30000000000000004,2.1500000000000004,0.05,0.45
Nemanja Bjelica,6.3,2.05,3.75,0.5,0.25
Nerlens Noel,3.533333333333333,0.7333333333333334,4.8999999999999995,1.0666666666666667,1.3333333333333333
Nic Claxton,9.299999999999999,1.2333333333333334,6.666666666666667,0.7000000000000001,1.6333333333333335
Nick Richards,4.0,0.3333333333333333,2.9,0.13333333333333333,0.5
Nickeil Alexander-Walker,9.266666666666667,2.1333333333333333,2.566666666666667,0.7333333333333334,0.43333333333333335
Nico Mannion,4.1,2.3,1.5,0.5,0.0
Nicolas Batum,7.5,1.8333333333333333,4.266666666666667,0.9,0.6333333333333333
Nicolò Melli,3.0,1.0,2.7,0.3,0.1
Nik Stauskas,2.3,0.3,0.4,0.0,0.0
Nikola Jokić,26.0,8.666666666666666,12.133333333333335,1.3666666666666665,0.7666666666666666
Nikola Jović,5.5,0.7,2.1,0.5,0.1
Nikola Vučević,19.533333333333335,3.4,11.233333333333334,0.8666666666666667,0.7999999999999999
Noah Vonleh,0.55,0.3,1.2,0.05,0.15
Norman Powell,18.2,1.9333333333333333,3.0666666666666664,0.9666666666666667,0.3666666666666667
Norvel Pelle,1.75,0.1,1.75,0.05,0.5
OG Anunoby,16.6,2.266666666666667,5.333333333333333,1.6333333333333335,0.6333333333333333
Obi Toppin,6.833333333333333,0.8666666666666667,2.9,0.3,0.3
Ochai Agbaji,7.9,1.1,2.1,0.3,0.3
Olivier Sarr,5.5,0.65,3.8,0.2,0.6499999999999999
Omer Yurtseven,4.85,0.55,3.95,0.25,0.30000000000000004
Onyeka Okongwu,7.566666666666666,0.8333333333333334,5.466666666666666,0.6,1.0999999999999999
Orlando Robinson,3.7,0.8,4.1,0.4,0.4
Oshae Brissett,8.700000000000001,0.9,4.733333333333333,0.7000000000000001,0.5333333333333333
Otto Porter Jr.,7.8,1.5,4.5,1.0333333333333334,0.19999999999999998
Ousmane Dieng,4.9,1.2,2.7,0.4,0.2
P.J. Tucker,4.933333333333334,1.366666666666667,4.433333333333334,0.7000000000000001,0.26666666666666666
P.J. Washington,12.966666666666667,2.4,5.533333333333334,0.9666666666666667,1.0666666666666667
PJ Dozier,4.833333333333333,1.3333333333333333,2.6666666666666665,0.5333333333333333,0.26666666666666666
Paolo Banchero,20.0,3.7,6.9,0.8,0.5
Paris Bass,3.0,0.0,2.0,0.5,0.0
Pascal Siakam,22.8,5.2,7.833333333333333,1.1,0.6
Pat Connaughton,8.1,1.2666666666666666,4.533333333333333,0.7333333333333334,0.2333333333333333
Patrick Baldwin Jr.,3.9,0.4,1.3,0.2,0.1
Patrick Beverley,7.633333333333333,3.1999999999999997,3.6666666666666665,0.9666666666666667,0.7666666666666666
Patrick McCaw,1.0,0.8,0.6,0.4,0.0
Patrick Patterson,5.2,0.8,2.0,0.4,0.2
Patrick Williams,9.466666666666667,1.1666666666666667,4.233333333333333,0.7666666666666666,0.6666666666666666
Patty Mills,9.466666666666667,2.033333333333333,1.5666666666666667,0.5333333333333333,0.10000000000000002
Paul George,23.8,5.333333333333333,6.533333333333334,1.6000000000000003,0.4000000000000001
Paul Millsap,6.25,1.35,4.1,0.6,0.5
Paul Reed,3.5666666666666664,0.43333333333333335,2.8333333333333335,0.6666666666666666,0.5333333333333333
Paul Watson,3.75,0.75,2.35,0.25,0.2
Payton Pritchard,6.5,1.7,2.033333333333333,0.43333333333333335,0.06666666666666667
Petr Cornelie,1.1,0.2,1.1,0.1,0.1
Peyton Watson,3.3,0.5,1.6,0.1,0.5
Precious Achiuwa,7.766666666666666,0.8333333333333334,5.3,0.4666666666666666,0.5333333333333333
Quentin Grimes,8.65,1.55,2.6,0.7,0.30000000000000004
Quenton Jackson,6.2,1.7,0.9,0.4,0.1
Quinn Cook,3.3,0.8,0.7,0.2,0.0
Quinndary Weatherspoon,2.5,0.45,0.95,0.25,0.1
R.J. Hampton,6.966666666666666,1.7666666666666666,2.8000000000000003,0.5666666666666667,0.20000000000000004
RJ Barrett,19.066666666666666,2.9333333333333336,5.533333333333334,0.5666666666666667,0.2333333333333333
RJ Nembhard Jr.,1.1,0.9,0.5,0.1,0.0
RaiQuan Gray,16.0,7.0,9.0,0.0,1.0
Rajon Rondo,5.1,4.4,2.5999999999999996,0.8,0.15000000000000002
Raul Neto,6.5,2.3333333333333335,1.7666666666666666,0.7666666666666667,0.06666666666666667
Ray Spalding,2.0,0.0,2.0,0.0,1.0
Rayjon Tucker,3.3,1.2,1.2000000000000002,0.45,0.0
Reggie Bullock,8.9,1.3666666666666665,3.5,0.7000000000000001,0.20000000000000004
Reggie Jackson,12.566666666666668,3.766666666666667,2.8666666666666667,0.6666666666666666,0.13333333333333333
Reggie Perry,6.1,0.85,3.75,0.55,0.4
Richaun Holmes,9.233333333333333,1.0,5.733333333333334,0.3666666666666667,0.9333333333333332
Ricky Rubio,8.966666666666667,5.5,3.1666666666666665,1.2,0.16666666666666666
Rob Edwards,1.5,0.0,1.5,0.0,0.0
Robert Covington,7.666666666666667,1.4000000000000001,5.233333333333333,1.2333333333333334,1.0666666666666667
Robert Franks,6.1,0.7,2.0,0.4,0.4
Robert Williams,8.666666666666666,1.7333333333333334,8.266666666666667,0.7666666666666666,1.8
Robert Woodard II,1.05,0.25,1.05,0.05,0.15000000000000002
Robin Lopez,6.366666666666667,0.9333333333333332,2.9,0.13333333333333333,0.43333333333333335
Rodions Kurucs,1.5,0.5,1.1,0.4,0.2
Rodney Hood,3.8,0.85,1.7,0.35,0.1
Rodney McGruder,5.6000000000000005,0.9333333333333332,1.9666666666666668,0.4666666666666666,0.06666666666666667
Romeo Langford,4.833333333333333,0.7666666666666666,2.3000000000000003,0.4666666666666666,0.3
Ron Harper Jr.,2.2,0.4,0.8,0.0,0.1
Rondae Hollis-Jefferson,2.5,1.2,2.4,0.2,0.4
Royce O'Neale,7.733333333333334,2.9,5.566666666666666,0.9333333333333335,0.5
Rudy Gay,8.233333333333333,1.1333333333333333,4.033333333333333,0.5,0.39999999999999997
Rudy Gobert,14.433333333333332,1.2,13.266666666666666,0.7000000000000001,2.066666666666667
Rui Hachimura,12.1,1.1333333333333333,4.6000000000000005,0.5333333333333333,0.23333333333333336
Russell Westbrook,18.866666666666667,8.766666666666666,8.233333333333333,1.1333333333333333,0.39999999999999997
Ryan Arcidiacono,2.0,0.9666666666666667,1.0333333333333334,0.19999999999999998,0.0
Ryan Rollins,1.9,0.5,1.0,0.1,0.1
Saben Lee,5.733333333333333,3.0666666666666664,2.0666666666666664,0.8333333333333334,0.19999999999999998
Saddiq Bey,14.033333333333333,1.8999999999999997,4.866666666666667,0.8333333333333334,0.20000000000000004
Sam Dekker,0.0,0.0,0.0,0.0,0.0
Sam Hauser,4.45,0.65,1.85,0.2,0.2
Sam Merrill,4.066666666666666,0.7999999999999999,1.3333333333333333,0.3666666666666667,0.0
Sandro Mamukelashvili,4.949999999999999,0.95,3.15,0.25,0.25
Santi Aldama,6.55,1.0,3.75,0.4,0.44999999999999996
Scottie Barnes,15.3,4.15,7.05,1.1,0.75
Scottie Lewis,0.5,0.5,0.0,0.5,0.0
Scotty Hopson,4.0,1.0,1.0,0.0,0.0
Scotty Pippen Jr.,2.3,0.3,0.7,0.3,0.2
Sean McDermott,2.2,0.2,1.1,0.1,0.2
Sekou Doumbouya,6.05,0.4,2.8,0.95,0.6
Semi Ojeleye,3.9499999999999997,0.5,2.55,0.25,0.1
Serge Ibaka,7.333333333333333,1.0,4.7,0.16666666666666666,0.7000000000000001
Seth Curry,12.233333333333334,2.6333333333333333,2.3666666666666667,0.7333333333333334,0.13333333333333333
Shaedon Sharpe,9.9,1.2,3.0,0.5,0.3
Shai Gilgeous-Alexander,26.53333333333333,5.766666666666667,4.833333333333333,1.2333333333333334,0.8333333333333334
Shake Milton,9.866666666666667,2.9333333333333336,2.466666666666667,0.4666666666666666,0.26666666666666666
Shaq Buchanan,1.0,1.0,1.0,0.5,0.0
Shaquille Harrison,4.3,2.733333333333333,2.6,1.0666666666666667,0.3333333333333333
Sharife Cooper,0.5,0.4,0.4,0.0,0.0
Simone Fontecchio,6.3,0.8,1.7,0.3,0.2
Sindarius Thornwell,2.0,1.0,0.9,0.6,0.1
Skylar Mays,7.333333333333333,3.266666666666667,1.7333333333333334,0.5666666666666667,0.10000000000000002
Solomon Hill,2.55,1.0,2.4,0.5,0.2
Spencer Dinwiddie,12.566666666666668,4.8999999999999995,3.966666666666667,0.7333333333333334,0.26666666666666666
Stanley Johnson,5.633333333333333,1.8,2.966666666666667,0.7666666666666666,0.26666666666666666
Stanley Umude,2.0,0.0,0.0,1.0,1.0
Stephen Curry,28.96666666666667,6.133333333333333,5.6000000000000005,1.1333333333333333,0.3
Sterling Brown,3.8333333333333335,0.8666666666666666,3.1333333333333333,0.6,0.10000000000000002
Steven Adams,7.7,2.533333333333333,10.133333333333333,0.9,0.8666666666666667
Svi Mykhailiuk,6.666666666666667,1.4000000000000001,1.9333333333333333,0.6,0.13333333333333333
T.J. Leaf,1.7,0.1,0.7,0.3,0.1
T.J. McConnell,8.6,5.6000000000000005,3.3666666666666667,1.3666666666666665,0.26666666666666666
T.J. Warren,11.5,1.15,3.2,0.5,0.15
Tacko Fall,1.8,0.2,2.4000000000000004,0.05,0.8
Taj Gibson,4.4,0.7000000000000001,3.966666666666667,0.4666666666666666,0.7000000000000001
Talen Horton-Tucker,9.9,3.1,3.0,0.8666666666666667,0.4000000000000001
Tari Eason,9.3,1.1,6.0,1.2,0.6
Taurean Prince,8.633333333333333,1.5,2.8000000000000003,0.6333333333333333,0.39999999999999997
Terance Mann,8.866666666666667,2.1666666666666665,4.066666666666666,0.5333333333333333,0.26666666666666666
Terence Davis,8.6,1.2333333333333334,2.6,0.7333333333333334,0.26666666666666666
Terrance Ferguson,0.2,0.2,0.1,0.1,0.0
Terrence Ross,11.299999999999999,1.8666666666666665,2.8000000000000003,0.6666666666666666,0.3
Terry Rozier,20.266666666666666,4.6000000000000005,4.266666666666667,1.2666666666666666,0.3333333333333333
Terry Taylor,6.25,0.75,3.35,0.25,0.2
Thaddeus Young,7.566666666666666,2.5666666666666664,4.433333333333334,1.0333333333333334,0.3333333333333333
Thanasis Antetokounmpo,2.6333333333333333,0.5666666666666668,1.8333333333333333,0.26666666666666666,0.19999999999999998
Theo Pinson,1.6666666666666667,0.7333333333333334,1.0,0.16666666666666666,0.03333333333333333
Thomas Bryant,10.5,0.9666666666666667,5.266666666666667,0.3,0.7000000000000001
Thon Maker,3.8,0.5,2.3,0.3,0.5
Théo Maledon,7.966666666666666,3.0666666666666664,2.8666666666666667,0.7666666666666666,0.2333333333333333
Tim Frazier,2.45,3.0,1.6,0.35,0.15000000000000002
Tim Hardaway Jr.,15.066666666666668,1.9333333333333336,3.5,0.6666666666666666,0.16666666666666666
Timothé Luwawu-Cabarrot,5.4,1.0,1.9000000000000001,0.44999999999999996,0.1
Tobias Harris,17.133333333333333,3.1666666666666665,6.433333333333334,0.7999999999999999,0.6333333333333333
Tomáš Satoranský,5.65,4.0,2.3499999999999996,0.6,0.15000000000000002
Tony Bradley,3.9,0.5,3.3333333333333335,0.23333333333333336,0.4666666666666666
Tony Snell,4.4,0.9,2.15,0.3,0.2
Torrey Craig,6.5,1.2333333333333334,4.433333333333334,0.6,0.6
Trae Young,26.633333333333336,9.766666666666666,3.533333333333333,0.9333333333333335,0.13333333333333333
Trayvon Palmer,0.0,0.0,2.0,0.0,0.0
Tre Jones,7.133333333333333,3.6999999999999997,2.1333333333333333,0.7000000000000001,0.06666666666666667
Tre Mann,9.05,1.65,2.5999999999999996,0.7,0.2
Tre Scott,3.0,0.0,1.0,0.5,0.5
Tremont Waters,3.55,2.3499999999999996,1.05,1.15,0.0
Trendon Watford,7.5,1.9,3.9499999999999997,0.5,0.4
Trent Forrest,2.8333333333333335,1.6666666666666667,1.5999999999999999,0.3666666666666667,0.10000000000000002
Trevelin Queen,3.65,0.65,2.0,0.4,0.39999999999999997
Trevor Ariza,6.7,1.4500000000000002,4.1,0.75,0.44999999999999996
Trevor Hudgins,1.8,0.6,0.0,0.0,0.0
Trevor Keels,1.0,0.0,0.7,0.0,0.0
Trey Burke,5.85,1.35,0.8500000000000001,0.44999999999999996,0.05
Trey Lyles,7.7,0.9,4.3,0.3666666666666667,0.26666666666666666
Trey Murphy III,9.95,1.0,3.0,0.75,0.3
Tristan Thompson,6.8,0.8999999999999999,6.6,0.4,0.5
Troy Brown Jr.,5.366666666666667,1.0666666666666667,3.4333333333333336,0.5333333333333333,0.16666666666666666
Ty Jerome,8.233333333333333,2.966666666666667,2.033333333333333,0.5666666666666667,0.13333333333333333
Ty-Shon Alexander,0.6,0.4,0.7,0.0,0.1
TyTy Washington Jr.,4.7,1.5,1.5,0.5,0.1
Tyler Bey,1.0,0.2,1.1,0.0,0.1
Tyler Cook,4.15,0.35,2.85,0.25,0.15000000000000002
Tyler Dorsey,3.0,0.0,0.7,0.0,0.0
Tyler Hall,0.0,0.0,0.0,0.0,0.0
Tyler Herro,18.633333333333336,3.866666666666667,5.133333333333334,0.7000000000000001,0.19999999999999998
Tyler Johnson,4.1,1.2,2.0,0.45,0.25
Tyrell Terry,1.0,0.25,0.25,0.25,0.0
Tyrese Haliburton,16.333333333333332,7.966666666666666,3.5666666666666664,1.5333333333333332,0.5
Tyrese Martin,1.3,0.1,0.8,0.1,0.0
Tyrese Maxey,15.266666666666666,3.266666666666667,2.6,0.6333333333333333,0.23333333333333336
Tyrone Wallace,2.8,0.2,1.3,0.5,0.2
Tyus Jones,8.433333333333334,4.433333333333334,2.3000000000000003,0.9333333333333332,0.06666666666666667
Udoka Azubuike,3.1,0.09999999999999999,2.8000000000000003,0.13333333333333333,0.43333333333333335
Udonis Haslem,3.466666666666667,0.09999999999999999,1.5,0.06666666666666667,0.13333333333333333
Usman Garuba,2.5,0.8,3.8,0.5,0.45
Vernon Carey Jr.,1.9333333333333333,0.13333333333333333,1.3666666666666665,0.19999999999999998,0.19999999999999998
Victor Oladipo,14.299999999999999,3.8666666666666667,3.5666666666666664,1.1333333333333333,0.26666666666666666
Vince Williams Jr.,2.0,0.3,1.0,0.4,0.1
Vincent Poirier,0.8,0.2,1.4,0.0,0.3
Vit Krejci,3.7,1.25,2.15,0.4,0.15
Vlatko Čančar,3.733333333333333,0.9,1.8,0.26666666666666666,0.13333333333333333
Walker Kessler,9.2,0.9,8.4,0.4,2.3
Wayne Ellington,8.15,1.1,1.8,0.45,0.15000000000000002
Wayne Selden,1.7,0.3,0.3,0.0,0.0
Wendell Carter Jr.,13.799999999999999,2.3333333333333335,9.133333333333333,0.5666666666666667,0.7000000000000001
Wendell Moore Jr.,1.4,0.6,0.6,0.3,0.2
Wenyen Gabriel,4.766666666666667,0.5,3.5,0.3333333333333333,0.43333333333333335
Wes Iwundu,4.85,0.2,3.25,0.35,0.05
Wesley Matthews,4.433333333333334,0.7666666666666666,1.9000000000000001,0.5333333333333333,0.26666666666666666
Will Barton,11.399999999999999,3.033333333333333,3.733333333333333,0.7333333333333334,0.3333333333333333
Will Magnay,0.0,0.0,0.0,0.0,0.0
Willie Cauley-Stein,3.5,0.6,3.25,0.35,0.5
Willy Hernangómez,7.933333333333334,1.1,6.2,0.43333333333333335,0.39999999999999997
Xavier Cooks,3.8,0.6,3.8,0.6,0.4
Xavier Moon,3.8,1.85,1.1,0.35,0.15
Xavier Sneed,2.4499999999999997,0.7000000000000001,1.0,0.0,0.15
Xavier Tillman Sr.,6.133333333333333,1.3666666666666665,4.1000000000000005,0.8666666666666667,0.4666666666666666
Yogi Ferrell,5.6,2.2,1.9,0.7,0.3
Yuta Watanabe,4.766666666666667,0.7333333333333334,2.6666666666666665,0.39999999999999997,0.3666666666666667
Yves Pons,1.1,0.1,1.0,0.1,0.3
Zach Collins,9.7,2.55,5.95,0.55,0.8
Zach LaVine,25.53333333333333,4.533333333333334,4.7,0.7666666666666666,0.3333333333333333
Zavier Simpson,11.0,7.5,5.3,1.3,1.0
Zeke Nnaji,5.0,0.3,2.566666666666667,0.3,0.26666666666666666
Ziaire Williams,6.9,0.95,2.1,0.5,0.2
Zion Williamson,26.5,4.15,7.1,1.0,0.6
Zylan Cheatham,0.0,0.0,0.0,0.0,0.0
